{"cameraMode":{"drawMode":0,"name":"Shaded","section":"Shading Mode"},"sceneLighting":true,"audioPlay":false,"sceneViewState":{"showFog":true,"showMaterialUpdate":false,"showSkybox":true,"showFlares":true,"showImageEffects":true,"showParticleSystems":true,"showVisualEffectGraphs":true,"m_FxEnabled":true},"in2DMode":false,"pivot":{"x":-4.648036956787109,"y":1.0552825927734376,"z":0.1651599407196045},"rotation":{"x":0.029287826269865037,"y":0.968623697757721,"z":-0.20432455837726594,"w":0.13866795599460603},"size":3.271174669265747,"orthographic":false}