{"cameraMode":{"drawMode":0,"name":"Shaded","section":"Shading Mode"},"sceneLighting":true,"audioPlay":false,"sceneViewState":{"showFog":true,"showMaterialUpdate":false,"showSkybox":true,"showFlares":true,"showImageEffects":true,"showParticleSystems":true,"showVisualEffectGraphs":true,"m_FxEnabled":true},"in2DMode":false,"pivot":{"x":35.587615966796878,"y":5.395096302032471,"z":-14.173168182373047},"rotation":{"x":0.004918515682220459,"y":0.9674806594848633,"z":-0.25219792127609255,"w":0.018868330866098405},"size":52.416629791259769,"orthographic":false}