{"cameraMode":{"drawMode":0,"name":"Shaded","section":"Shading Mode"},"sceneLighting":true,"audioPlay":false,"sceneViewState":{"showFog":true,"showMaterialUpdate":false,"showSkybox":true,"showFlares":true,"showImageEffects":true,"showParticleSystems":true,"showVisualEffectGraphs":true,"m_FxEnabled":true},"in2DMode":false,"pivot":{"x":-0.7940113544464111,"y":1.6574162244796754,"z":-0.3661686182022095},"rotation":{"x":-0.13414213061332704,"y":0.8648074269294739,"z":-0.31843695044517519,"w":-0.3643103539943695},"size":2.0660252571105959,"orthographic":false}